{"mean":{"confidence_interval":{"confidence_level":0.95,"lower_bound":14923316.810687501,"upper_bound":15208056.2925625},"point_estimate":15062565.9125,"standard_error":72665.42656798207},"median":{"confidence_interval":{"confidence_level":0.95,"lower_bound":14789547.375,"upper_bound":15109576.0},"point_estimate":14931099.0,"standard_error":77610.50540725172},"median_abs_dev":{"confidence_interval":{"confidence_level":0.95,"lower_bound":584121.7660803908,"upper_bound":893875.4620805383},"point_estimate":735343.2707950473,"standard_error":78420.30465535825},"slope":null,"std_dev":{"confidence_interval":{"confidence_level":0.95,"lower_bound":621847.8834874443,"upper_bound":826175.8535052085},"point_estimate":730769.8650245917,"standard_error":52085.79722802917}}