{"mean":{"confidence_interval":{"confidence_level":0.95,"lower_bound":33832456.93725,"upper_bound":34334092.937750004},"point_estimate":34073131.46,"standard_error":128069.85545120106},"median":{"confidence_interval":{"confidence_level":0.95,"lower_bound":33540130.5,"upper_bound":33829154.0},"point_estimate":33628857.5,"standard_error":66087.20943554609},"median_abs_dev":{"confidence_interval":{"confidence_level":0.95,"lower_bound":570915.8913642168,"upper_bound":973897.5910473614},"point_estimate":713271.0636869073,"standard_error":105171.80071101108},"slope":null,"std_dev":{"confidence_interval":{"confidence_level":0.95,"lower_bound":996480.8232940099,"upper_bound":1526421.546018805},"point_estimate":1281933.9218454824,"standard_error":135556.76955074124}}