{"mean":{"confidence_interval":{"confidence_level":0.95,"lower_bound":126.28207279317623,"upper_bound":128.1849978079013},"point_estimate":127.12821616075487,"standard_error":0.4885891617841886},"median":{"confidence_interval":{"confidence_level":0.95,"lower_bound":125.96034200930467,"upper_bound":126.65960627565917},"point_estimate":126.36950293210893,"standard_error":0.1949179201584608},"median_abs_dev":{"confidence_interval":{"confidence_level":0.95,"lower_bound":0.9866881557062092,"upper_bound":1.705085056202799},"point_estimate":1.2590945487109668,"standard_error":0.18221490860967515},"slope":{"confidence_interval":{"confidence_level":0.95,"lower_bound":126.61167246867734,"upper_bound":130.402171132222},"point_estimate":128.23877163880692,"standard_error":0.9895270473115704},"std_dev":{"confidence_interval":{"confidence_level":0.95,"lower_bound":2.232406610180373,"upper_bound":6.940397372846757},"point_estimate":4.8724242710833465,"standard_error":1.2068093552917196}}