{"mean":{"confidence_interval":{"confidence_level":0.95,"lower_bound":20305991.176250003,"upper_bound":20385285.003},"point_estimate":20345270.62000001,"standard_error":20225.073342584565},"median":{"confidence_interval":{"confidence_level":0.95,"lower_bound":20263266.333333332,"upper_bound":20354207.0},"point_estimate":20304568.5,"standard_error":22364.067981305998},"median_abs_dev":{"confidence_interval":{"confidence_level":0.95,"lower_bound":172397.7133393306,"upper_bound":272574.68935333187},"point_estimate":217109.22204553988,"standard_error":24476.35488355395},"slope":null,"std_dev":{"confidence_interval":{"confidence_level":0.95,"lower_bound":177144.14162213,"upper_bound":224723.1020018702},"point_estimate":202944.6400467637,"standard_error":12161.690305026015}}