{"mean":{"confidence_interval":{"confidence_level":0.95,"lower_bound":329.2234052961235,"upper_bound":330.3213910045893},"point_estimate":329.7661620046363,"standard_error":0.27968498546127113},"median":{"confidence_interval":{"confidence_level":0.95,"lower_bound":329.0725678055257,"upper_bound":330.3915988559012},"point_estimate":329.72935150432323,"standard_error":0.33529949313645824},"median_abs_dev":{"confidence_interval":{"confidence_level":0.95,"lower_bound":1.7519774023602772,"upper_bound":2.8702793123331816},"point_estimate":2.377129213456456,"standard_error":0.28629055620706284},"slope":{"confidence_interval":{"confidence_level":0.95,"lower_bound":329.27631150141764,"upper_bound":330.1136612288178},"point_estimate":329.6979292648282,"standard_error":0.21373691245227855},"std_dev":{"confidence_interval":{"confidence_level":0.95,"lower_bound":2.2052197450829927,"upper_bound":3.377304196238627},"point_estimate":2.8165963350970245,"standard_error":0.2998321494937905}}