{"mean":{"confidence_interval":{"confidence_level":0.95,"lower_bound":12389518.30075,"upper_bound":12442758.087950002},"point_estimate":12415485.495999994,"standard_error":13559.983078796666},"median":{"confidence_interval":{"confidence_level":0.95,"lower_bound":12358244.1,"upper_bound":12427873.8},"point_estimate":12388210.8,"standard_error":18321.369284712906},"median_abs_dev":{"confidence_interval":{"confidence_level":0.95,"lower_bound":84163.9387857925,"upper_bound":156373.97050380817},"point_estimate":106668.1755262616,"standard_error":18765.191370902085},"slope":null,"std_dev":{"confidence_interval":{"confidence_level":0.95,"lower_bound":112816.09031751301,"upper_bound":158065.91461162578},"point_estimate":136207.45575559704,"standard_error":11602.380748334168}}