{"mean":{"confidence_interval":{"confidence_level":0.95,"lower_bound":16390579.586125,"upper_bound":16521112.408374999},"point_estimate":16455003.3675,"standard_error":33379.974962143766},"median":{"confidence_interval":{"confidence_level":0.95,"lower_bound":16398978.25,"upper_bound":16526960.625},"point_estimate":16459845.375,"standard_error":34123.04533013153},"median_abs_dev":{"confidence_interval":{"confidence_level":0.95,"lower_bound":221744.1384382546,"upper_bound":388574.25645142794},"point_estimate":312283.55363085866,"standard_error":44346.16132918359},"slope":null,"std_dev":{"confidence_interval":{"confidence_level":0.95,"lower_bound":271089.1452018866,"upper_bound":398454.48507846845},"point_estimate":335434.15162589535,"standard_error":32728.36027936175}}