{"mean":{"confidence_interval":{"confidence_level":0.95,"lower_bound":2024802.62643,"upper_bound":2030471.4080000005},"point_estimate":2027629.7424,"standard_error":1446.6478323390004},"median":{"confidence_interval":{"confidence_level":0.95,"lower_bound":2025032.78,"upper_bound":2031126.64},"point_estimate":2028418.5,"standard_error":1495.6377615831173},"median_abs_dev":{"confidence_interval":{"confidence_level":0.95,"lower_bound":10358.708815196116,"upper_bound":18375.16616177542},"point_estimate":14565.536573409958,"standard_error":2042.16858464317},"slope":null,"std_dev":{"confidence_interval":{"confidence_level":0.95,"lower_bound":12535.420634107684,"upper_bound":16365.74523130558},"point_estimate":14550.427902418991,"standard_error":981.7634583264141}}