{"mean":{"confidence_interval":{"confidence_level":0.95,"lower_bound":1502090.3035196126,"upper_bound":1521313.761053832},"point_estimate":1511389.6819412922,"standard_error":4911.749214064466},"median":{"confidence_interval":{"confidence_level":0.95,"lower_bound":1493783.3639455782,"upper_bound":1509434.3857142858},"point_estimate":1501504.9289473684,"standard_error":3993.599617630763},"median_abs_dev":{"confidence_interval":{"confidence_level":0.95,"lower_bound":23303.823143944355,"upper_bound":43621.108886801325},"point_estimate":33306.382163561866,"standard_error":5305.669457253443},"slope":{"confidence_interval":{"confidence_level":0.95,"lower_bound":1487716.4547923433,"upper_bound":1503305.3695598838},"point_estimate":1495450.8649238953,"standard_error":3971.1708973623736},"std_dev":{"confidence_interval":{"confidence_level":0.95,"lower_bound":38675.393932868,"upper_bound":58527.45492149754},"point_estimate":49267.05734608018,"standard_error":5090.199603311006}}