{"mean":{"confidence_interval":{"confidence_level":0.95,"lower_bound":42976266.152624995,"upper_bound":43727920.713125005},"point_estimate":43339906.805,"standard_error":191383.8501066515},"median":{"confidence_interval":{"confidence_level":0.95,"lower_bound":42412594.0,"upper_bound":43247857.0},"point_estimate":42679740.25,"standard_error":223461.57788261774},"median_abs_dev":{"confidence_interval":{"confidence_level":0.95,"lower_bound":1099232.9789847136,"upper_bound":2131924.6472507715},"point_estimate":1447343.3756545186,"standard_error":259068.99890610197},"slope":null,"std_dev":{"confidence_interval":{"confidence_level":0.95,"lower_bound":1583656.7478738853,"upper_bound":2222692.862989462},"point_estimate":1920792.9792868875,"standard_error":163253.8138322096}}