{"mean":{"confidence_interval":{"confidence_level":0.95,"lower_bound":4303940.366437501,"upper_bound":4336873.839479168},"point_estimate":4320019.3125,"standard_error":8396.618344065691},"median":{"confidence_interval":{"confidence_level":0.95,"lower_bound":4282384.0,"upper_bound":4334409.083333333},"point_estimate":4306432.458333334,"standard_error":13200.45631143251},"median_abs_dev":{"confidence_interval":{"confidence_level":0.95,"lower_bound":65962.10832893872,"upper_bound":102532.22815468884},"point_estimate":90231.83747306513,"standard_error":9645.513205215739},"slope":null,"std_dev":{"confidence_interval":{"confidence_level":0.95,"lower_bound":69463.4971877369,"upper_bound":99326.74533201144},"point_estimate":84437.19632891801,"standard_error":7673.845396314737}}