{"mean":{"confidence_interval":{"confidence_level":0.95,"lower_bound":2320201.7688522725,"upper_bound":2356257.2293295455},"point_estimate":2337373.1731818174,"standard_error":9228.699710384559},"median":{"confidence_interval":{"confidence_level":0.95,"lower_bound":2300339.3181818184,"upper_bound":2321078.3181818184},"point_estimate":2309854.4318181816,"standard_error":5106.780698241202},"median_abs_dev":{"confidence_interval":{"confidence_level":0.95,"lower_bound":35827.095754851274,"upper_bound":69403.3040177309},"point_estimate":55141.060393778265,"standard_error":8618.749760238958},"slope":null,"std_dev":{"confidence_interval":{"confidence_level":0.95,"lower_bound":69511.3594207373,"upper_bound":113251.5066823708},"point_estimate":92762.23812502706,"standard_error":11183.49698060014}}