{"mean":{"confidence_interval":{"confidence_level":0.95,"lower_bound":3291063.910333335,"upper_bound":3314031.2109333337},"point_estimate":3302018.5593333323,"standard_error":5859.246492538969},"median":{"confidence_interval":{"confidence_level":0.95,"lower_bound":3282624.166666667,"upper_bound":3306147.533333333},"point_estimate":3294314.3666666667,"standard_error":5069.804407565964},"median_abs_dev":{"confidence_interval":{"confidence_level":0.95,"lower_bound":35240.83798634997,"upper_bound":55612.522692680315},"point_estimate":45059.87028002757,"standard_error":5517.4249336862695},"slope":null,"std_dev":{"confidence_interval":{"confidence_level":0.95,"lower_bound":43212.69938523872,"upper_bound":73835.60226803894},"point_estimate":59027.50141078682,"standard_error":7868.309539472685}}