{"mean":{"confidence_interval":{"confidence_level":0.95,"lower_bound":16974119.848833337,"upper_bound":17198827.961333327},"point_estimate":17075656.146666665,"standard_error":57362.60341908893},"median":{"confidence_interval":{"confidence_level":0.95,"lower_bound":16978580.0,"upper_bound":17044990.0},"point_estimate":17009481.333333336,"standard_error":16816.573344674027},"median_abs_dev":{"confidence_interval":{"confidence_level":0.95,"lower_bound":137384.13816094215,"upper_bound":297639.11061584763},"point_estimate":192599.62058066952,"standard_error":38299.64471571489},"slope":null,"std_dev":{"confidence_interval":{"confidence_level":0.95,"lower_bound":333098.31587449147,"upper_bound":845300.0103139725},"point_estimate":576032.5977534899,"standard_error":152534.89004149474}}