{"mean":{"confidence_interval":{"confidence_level":0.95,"lower_bound":16441482.08225,"upper_bound":16686705.308125},"point_estimate":16564371.295,"standard_error":62622.884260029416},"median":{"confidence_interval":{"confidence_level":0.95,"lower_bound":16382089.5,"upper_bound":16758604.75},"point_estimate":16526358.5,"standard_error":97150.80555855576},"median_abs_dev":{"confidence_interval":{"confidence_level":0.95,"lower_bound":616630.8005669907,"upper_bound":1007276.5688672662},"point_estimate":860566.0737968981,"standard_error":98477.6926250092},"slope":null,"std_dev":{"confidence_interval":{"confidence_level":0.95,"lower_bound":567385.6066363518,"upper_bound":680249.7223639487},"point_estimate":628368.8168746752,"standard_error":28693.177393325885}}