{"mean":{"confidence_interval":{"confidence_level":0.95,"lower_bound":2232724.1904347828,"upper_bound":2251186.6278804345},"point_estimate":2241912.607391305,"standard_error":4728.07039322041},"median":{"confidence_interval":{"confidence_level":0.95,"lower_bound":2232100.347826087,"upper_bound":2257545.7391304346},"point_estimate":2243639.0434782607,"standard_error":5838.130601520566},"median_abs_dev":{"confidence_interval":{"confidence_level":0.95,"lower_bound":45490.45384020885,"upper_bound":71115.9373983091},"point_estimate":62734.99312970912,"standard_error":6971.470213060398},"slope":null,"std_dev":{"confidence_interval":{"confidence_level":0.95,"lower_bound":42199.87109891253,"upper_bound":52318.81794296346},"point_estimate":47461.214344450884,"standard_error":2593.179476942746}}