{"mean":{"confidence_interval":{"confidence_level":0.95,"lower_bound":23134936.250166662,"upper_bound":23911147.346666675},"point_estimate":23502358.23666667,"standard_error":198456.4044718535},"median":{"confidence_interval":{"confidence_level":0.95,"lower_bound":22467318.666666664,"upper_bound":22744630.666666668},"point_estimate":22558527.833333332,"standard_error":77141.2164280852},"median_abs_dev":{"confidence_interval":{"confidence_level":0.95,"lower_bound":404850.3625124674,"upper_bound":970881.0869634161},"point_estimate":577774.8930424433,"standard_error":145082.65595404635},"slope":null,"std_dev":{"confidence_interval":{"confidence_level":0.95,"lower_bound":1493242.315268154,"upper_bound":2417932.7454443024},"point_estimate":1994820.2179094774,"standard_error":236258.3293363186}}