{"mean":{"confidence_interval":{"confidence_level":0.95,"lower_bound":22251108.983250003,"upper_bound":22424986.558500003},"point_estimate":22337887.71666667,"standard_error":44229.0386368906},"median":{"confidence_interval":{"confidence_level":0.95,"lower_bound":22269977.5,"upper_bound":22416741.666666668},"point_estimate":22314626.5,"standard_error":37392.599317276145},"median_abs_dev":{"confidence_interval":{"confidence_level":0.95,"lower_bound":271472.45658039954,"upper_bound":549273.6382484381},"point_estimate":388555.600401761,"standard_error":69416.93475623995},"slope":null,"std_dev":{"confidence_interval":{"confidence_level":0.95,"lower_bound":369850.9385817146,"upper_bound":517767.5074377535},"point_estimate":446321.1704301033,"standard_error":37784.19021364406}}