{"mean":{"confidence_interval":{"confidence_level":0.95,"lower_bound":35833.25949726541,"upper_bound":36066.19082840564},"point_estimate":35947.61047890088,"standard_error":59.503255901908645},"median":{"confidence_interval":{"confidence_level":0.95,"lower_bound":35768.923473755945,"upper_bound":36066.75892857143},"point_estimate":35919.2456743567,"standard_error":79.41676522284138},"median_abs_dev":{"confidence_interval":{"confidence_level":0.95,"lower_bound":455.82588629153156,"upper_bound":705.4228544017107},"point_estimate":593.8848134234269,"standard_error":63.13722216261665},"slope":{"confidence_interval":{"confidence_level":0.95,"lower_bound":35881.67135050841,"upper_bound":36059.886701402866},"point_estimate":35971.594788152586,"standard_error":45.504781313244514},"std_dev":{"confidence_interval":{"confidence_level":0.95,"lower_bound":503.0977079781868,"upper_bound":688.2161542230738},"point_estimate":600.7169586123373,"standard_error":47.48594253811524}}